https://bj.lianjia.com/chengjiao/bp2500ep5000/, 1066 ,1066
https://bj.lianjia.com/chengjiao/bp5000ep10000/, 55 ,1121
https://bj.lianjia.com/chengjiao/bp1875ep2500/, 2020 ,3141
https://bj.lianjia.com/chengjiao/bp1562ep1875/, 2626 ,5767
https://bj.lianjia.com/chengjiao/bp1406ep1562/, 1926 ,7693
https://bj.lianjia.com/chengjiao/bp1328ep1406/, 1449 ,9142
https://bj.lianjia.com/chengjiao/bp1250ep1328/, 1882 ,11024
https://bj.lianjia.com/chengjiao/bp1171ep1250/, 2237 ,13261
https://bj.lianjia.com/chengjiao/bp39ep58/, 2255 ,15516
https://bj.lianjia.com/chengjiao/bp0ep19/, 2164 ,17680
https://bj.lianjia.com/chengjiao/bp565ep570/, 2003 ,19683
https://bj.lianjia.com/chengjiao/bp521ep526/, 2362 ,22045
https://bj.lianjia.com/chengjiao/bp580ep585/, 2152 ,24197
https://bj.lianjia.com/chengjiao/bp560ep565/, 2269 ,26466
https://bj.lianjia.com/chengjiao/bp761ep781/, 2978 ,29444
https://bj.lianjia.com/chengjiao/bp839ep859/, 2650 ,32094
https://bj.lianjia.com/chengjiao/bp595ep600/, 1799 ,33893
https://bj.lianjia.com/chengjiao/bp600ep605/, 2602 ,36495
https://bj.lianjia.com/chengjiao/bp575ep580/, 1953 ,38448
https://bj.lianjia.com/chengjiao/bp351ep355/, 2776 ,41224
https://bj.lianjia.com/chengjiao/bp555ep560/, 2087 ,43311
https://bj.lianjia.com/chengjiao/bp531ep536/, 2148 ,45459
https://bj.lianjia.com/chengjiao/bp820ep839/, 2628 ,48087
https://bj.lianjia.com/chengjiao/bp570ep575/, 2034 ,50121
https://bj.lianjia.com/chengjiao/bp712ep722/, 2195 ,2195
https://bj.lianjia.com/chengjiao/bp526ep528/, 678 ,2873
https://bj.lianjia.com/chengjiao/bp1093ep1171/, 2887 ,5760
https://bj.lianjia.com/chengjiao/bp385ep387/, 2859 ,8619
https://bj.lianjia.com/chengjiao/bp528ep531/, 2914 ,11533
https://bj.lianjia.com/chengjiao/bp387ep390/, 2379 ,13912
https://bj.lianjia.com/chengjiao/bp703ep712/, 1924 ,15836
https://bj.lianjia.com/chengjiao/bp365ep367/, 2999 ,18835
https://bj.lianjia.com/chengjiao/bp183ep185/, 2322 ,21157
https://bj.lianjia.com/chengjiao/bp191ep192/, 725 ,21882
https://bj.lianjia.com/chengjiao/bp781ep800/, 2123 ,24005
https://bj.lianjia.com/chengjiao/bp255ep256/, 2549 ,26554
https://bj.lianjia.com/chengjiao/bp673ep683/, 2509 ,29063
https://bj.lianjia.com/chengjiao/bp181ep182/, 727 ,29790
https://bj.lianjia.com/chengjiao/bp193ep195/, 2170 ,31960
https://bj.lianjia.com/chengjiao/bp190ep191/, 2835 ,34795
https://bj.lianjia.com/chengjiao/bp182ep183/, 1263 ,36058
https://bj.lianjia.com/chengjiao/bp664ep673/, 2247 ,38305
https://bj.lianjia.com/chengjiao/bp367ep370/, 2691 ,40996
https://bj.lianjia.com/chengjiao/bp261ep263/, 1930 ,42926
https://bj.lianjia.com/chengjiao/bp362ep365/, 2223 ,45149
https://bj.lianjia.com/chengjiao/bp546ep550/, 1288 ,46437
https://bj.lianjia.com/chengjiao/bp266ep268/, 2174 ,48611
https://bj.lianjia.com/chengjiao/bp550ep555/, 2692 ,51303
https://bj.lianjia.com/chengjiao/bp683ep693/, 2149 ,53452
https://bj.lianjia.com/chengjiao/bp253ep255/, 2388 ,55840
https://bj.lianjia.com/chengjiao/bp19ep29/, 2608 ,58448
https://bj.lianjia.com/chengjiao/bp256ep258/, 2322 ,60770
https://bj.lianjia.com/chengjiao/bp326ep328/, 1792 ,62562
https://bj.lianjia.com/chengjiao/bp800ep810/, 1670 ,64232
https://bj.lianjia.com/chengjiao/bp263ep265/, 2238 ,66470
https://bj.lianjia.com/chengjiao/bp810ep820/, 1291 ,67761
https://bj.lianjia.com/chengjiao/bp265ep266/, 2596 ,70357
https://bj.lianjia.com/chengjiao/bp693ep703/, 2579 ,72936
https://bj.lianjia.com/chengjiao/bp361ep362/, 477 ,73413
https://bj.lianjia.com/chengjiao/sf5bp260ep261/, 14 ,73427
https://bj.lianjia.com/chengjiao/sf4bp260ep261/, 1 ,73428
https://bj.lianjia.com/chengjiao/sf2bp260ep261/, 88 ,73516
https://bj.lianjia.com/chengjiao/bp192ep193/, 1141 ,74657
https://bj.lianjia.com/chengjiao/sf1bp260ep261/, 3647 ,78304
https://bj.lianjia.com/chengjiao/bp29ep39/, 1989 ,80293
https://bj.lianjia.com/chengjiao/sf5bp360ep361/, 25 ,80318
https://bj.lianjia.com/chengjiao/sf3bp360ep361/, 6 ,80324
https://bj.lianjia.com/chengjiao/sf3bp260ep261/, 1 ,80325
https://bj.lianjia.com/chengjiao/sf2bp360ep361/, 39 ,80364
https://bj.lianjia.com/chengjiao/sf4bp360ep361/, 1 ,80365
https://bj.lianjia.com/chengjiao/sf1bp360ep361/, 3287 ,83652
https://bj.lianjia.com/chengjiao/bp610ep615/, 1681 ,85333
https://bj.lianjia.com/chengjiao/bp328ep329/, 1570 ,86903
https://bj.lianjia.com/chengjiao/bp605ep610/, 1651 ,88554
https://bj.lianjia.com/chengjiao/sf6bp260ep261/, 1 ,88555
https://bj.lianjia.com/chengjiao/sf6bp180ep181/, 1 ,88556
https://bj.lianjia.com/chengjiao/sf2bp180ep181/, 208 ,88764
https://bj.lianjia.com/chengjiao/sf1bp180ep181/, 3059 ,91823
https://bj.lianjia.com/chengjiao/sf5bp180ep181/, 26 ,91849
https://bj.lianjia.com/chengjiao/sf3bp330ep331/, 4 ,91853
https://bj.lianjia.com/chengjiao/sf5bp330ep331/, 19 ,91872
https://bj.lianjia.com/chengjiao/sf4bp180ep181/, 4 ,91876
https://bj.lianjia.com/chengjiao/sf1bp330ep331/, 3369 ,95245
https://bj.lianjia.com/chengjiao/sf2bp330ep331/, 46 ,95291
https://bj.lianjia.com/chengjiao/bp329ep330/, 772 ,96063
https://bj.lianjia.com/chengjiao/bp321ep323/, 1487 ,97550
https://bj.lianjia.com/chengjiao/bp620ep625/, 1847 ,99397
https://bj.lianjia.com/chengjiao/bp615ep620/, 1788 ,101185
https://bj.lianjia.com/chengjiao/bp323ep324/, 1018 ,102203
https://bj.lianjia.com/chengjiao/bp722ep732/, 2052 ,104255
https://bj.lianjia.com/chengjiao/bp732ep742/, 1835 ,106090
https://bj.lianjia.com/chengjiao/bp324ep325/, 640 ,106730
https://bj.lianjia.com/chengjiao/bp325ep326/, 2459 ,109189
https://bj.lianjia.com/chengjiao/bp259ep260/, 1082 ,110271
https://bj.lianjia.com/chengjiao/bp258ep259/, 2081 ,112352
https://bj.lianjia.com/chengjiao/bp302ep304/, 2158 ,114510
https://bj.lianjia.com/chengjiao/bp585ep590/, 1793 ,116303
https://bj.lianjia.com/chengjiao/bp1015ep1054/, 2004 ,118307
https://bj.lianjia.com/chengjiao/bp1054ep1093/, 1462 ,119769
https://bj.lianjia.com/chengjiao/bp307ep309/, 2847 ,122616
https://bj.lianjia.com/chengjiao/bp304ep305/, 723 ,123339
https://bj.lianjia.com/chengjiao/bp309ep310/, 976 ,124315
https://bj.lianjia.com/chengjiao/bp590ep595/, 1723 ,126038
https://bj.lianjia.com/chengjiao/bp306ep307/, 1204 ,127242
https://bj.lianjia.com/chengjiao/bp305ep306/, 2676 ,129918
https://bj.lianjia.com/chengjiao/bp311ep312/, 468 ,130386
https://bj.lianjia.com/chengjiao/sf1bp310ep311/, 3709 ,134095
https://bj.lianjia.com/chengjiao/sf4bp310ep311/, 1 ,134096
https://bj.lianjia.com/chengjiao/sf2bp310ep311/, 46 ,134142
https://bj.lianjia.com/chengjiao/sf5bp310ep311/, 26 ,134168
https://bj.lianjia.com/chengjiao/sf3bp310ep311/, 2 ,134170
https://bj.lianjia.com/chengjiao/bp316ep318/, 1936 ,136106
https://bj.lianjia.com/chengjiao/bp541ep546/, 1934 ,138040
https://bj.lianjia.com/chengjiao/bp268ep269/, 1980 ,140020
https://bj.lianjia.com/chengjiao/bp187ep188/, 981 ,141001
https://bj.lianjia.com/chengjiao/bp269ep270/, 1004 ,142005
https://bj.lianjia.com/chengjiao/bp536ep538/, 711 ,142716
https://bj.lianjia.com/chengjiao/bp271ep273/, 1799 ,144515
https://bj.lianjia.com/chengjiao/bp319ep320/, 914 ,145429
https://bj.lianjia.com/chengjiao/bp318ep319/, 1861 ,147290
https://bj.lianjia.com/chengjiao/bp538ep541/, 2511 ,149801
https://bj.lianjia.com/chengjiao/bp654ep664/, 2520 ,152321
https://bj.lianjia.com/chengjiao/bp644ep649/, 1355 ,153676
https://bj.lianjia.com/chengjiao/bp186ep187/, 1114 ,154790
https://bj.lianjia.com/chengjiao/bp188ep190/, 2659 ,157449
https://bj.lianjia.com/chengjiao/sf6bp270ep271/, 1 ,157450
https://bj.lianjia.com/chengjiao/sf3bp270ep271/, 2 ,157452
https://bj.lianjia.com/chengjiao/sf1bp270ep271/, 3370 ,160822
https://bj.lianjia.com/chengjiao/bp185ep186/, 2553 ,163375
https://bj.lianjia.com/chengjiao/sf5bp320ep321/, 30 ,163405
https://bj.lianjia.com/chengjiao/sf5bp270ep271/, 16 ,163421
https://bj.lianjia.com/chengjiao/sf2bp270ep271/, 53 ,163474
https://bj.lianjia.com/chengjiao/sf3bp320ep321/, 4 ,163478
https://bj.lianjia.com/chengjiao/sf2bp320ep321/, 60 ,163538
https://bj.lianjia.com/chengjiao/sf1bp320ep321/, 3817 ,167355
https://bj.lianjia.com/chengjiao/bp273ep275/, 2032 ,169387
https://bj.lianjia.com/chengjiao/bp277ep279/, 2590 ,171977
https://bj.lianjia.com/chengjiao/bp275ep276/, 2730 ,174707
https://bj.lianjia.com/chengjiao/bp276ep277/, 1080 ,175787
https://bj.lianjia.com/chengjiao/bp279ep280/, 930 ,176717
https://bj.lianjia.com/chengjiao/bp289ep290/, 798 ,177515
https://bj.lianjia.com/chengjiao/bp282ep284/, 2347 ,179862
https://bj.lianjia.com/chengjiao/bp649ep654/, 1860 ,181722
https://bj.lianjia.com/chengjiao/bp291ep292/, 574 ,182296
https://bj.lianjia.com/chengjiao/bp281ep282/, 592 ,182888
https://bj.lianjia.com/chengjiao/sf4bp280ep281/, 1 ,182889
https://bj.lianjia.com/chengjiao/sf3bp280ep281/, 1 ,182890
https://bj.lianjia.com/chengjiao/sf2bp280ep281/, 70 ,182960
https://bj.lianjia.com/chengjiao/bp287ep289/, 2583 ,185543
https://bj.lianjia.com/chengjiao/sf1bp280ep281/, 3721 ,189264
https://bj.lianjia.com/chengjiao/sf3bp290ep291/, 1 ,189265
https://bj.lianjia.com/chengjiao/sf2bp290ep291/, 49 ,189314
https://bj.lianjia.com/chengjiao/sf1bp290ep291/, 3084 ,192398
https://bj.lianjia.com/chengjiao/sf5bp280ep281/, 31 ,192429
https://bj.lianjia.com/chengjiao/sf5bp290ep291/, 14 ,192443
https://bj.lianjia.com/chengjiao/bp286ep287/, 1151 ,193594
https://bj.lianjia.com/chengjiao/bp285ep286/, 2656 ,196250
https://bj.lianjia.com/chengjiao/bp284ep285/, 721 ,196971
https://bj.lianjia.com/chengjiao/bp382ep385/, 2111 ,199082
https://bj.lianjia.com/chengjiao/bp58ep68/, 1200 ,200282
https://bj.lianjia.com/chengjiao/bp355ep357/, 2988 ,203270
https://bj.lianjia.com/chengjiao/bp357ep360/, 2960 ,206230
https://bj.lianjia.com/chengjiao/bp68ep78/, 1974 ,208204
https://bj.lianjia.com/chengjiao/bp516ep518/, 737 ,208941
https://bj.lianjia.com/chengjiao/bp639ep644/, 1596 ,210537
https://bj.lianjia.com/chengjiao/bp381ep382/, 416 ,210953
https://bj.lianjia.com/chengjiao/bp292ep294/, 2233 ,213186
https://bj.lianjia.com/chengjiao/bp331ep333/, 1311 ,214497
https://bj.lianjia.com/chengjiao/sf5bp380ep381/, 22 ,214519
https://bj.lianjia.com/chengjiao/bp634ep639/, 1486 ,216005
https://bj.lianjia.com/chengjiao/bp336ep338/, 1662 ,217667
https://bj.lianjia.com/chengjiao/bp178ep180/, 2743 ,220410
https://bj.lianjia.com/chengjiao/bp518ep519/, 868 ,221278
https://bj.lianjia.com/chengjiao/bp177ep178/, 959 ,222237
https://bj.lianjia.com/chengjiao/bp297ep299/, 2655 ,224892
https://bj.lianjia.com/chengjiao/bp519ep521/, 2311 ,227203
https://bj.lianjia.com/chengjiao/bp294ep295/, 688 ,227891
https://bj.lianjia.com/chengjiao/bp299ep300/, 989 ,228880
https://bj.lianjia.com/chengjiao/sf3bp380ep381/, 6 ,228886
https://bj.lianjia.com/chengjiao/bp221ep224/, 2988 ,231874
https://bj.lianjia.com/chengjiao/bp502ep507/, 2642 ,234516
https://bj.lianjia.com/chengjiao/bp334ep336/, 2735 ,237251
https://bj.lianjia.com/chengjiao/bp301ep302/, 546 ,237797
https://bj.lianjia.com/chengjiao/bp333ep334/, 1027 ,238824
https://bj.lianjia.com/chengjiao/bp497ep499/, 1057 ,239881
https://bj.lianjia.com/chengjiao/sf2bp380ep381/, 31 ,239912
https://bj.lianjia.com/chengjiao/bp295ep296/, 2639 ,242551
https://bj.lianjia.com/chengjiao/bp296ep297/, 993 ,243544
https://bj.lianjia.com/chengjiao/bp197ep199/, 2644 ,246188
https://bj.lianjia.com/chengjiao/bp426ep429/, 2424 ,248612
https://bj.lianjia.com/chengjiao/bp214ep215/, 831 ,249443
https://bj.lianjia.com/chengjiao/bp424ep426/, 2207 ,251650
https://bj.lianjia.com/chengjiao/bp421ep424/, 1699 ,253349
https://bj.lianjia.com/chengjiao/bp217ep219/, 2817 ,256166
https://bj.lianjia.com/chengjiao/bp212ep214/, 2522 ,258688
https://bj.lianjia.com/chengjiao/bp492ep497/, 2806 ,261494
https://bj.lianjia.com/chengjiao/bp411ep414/, 1843 ,263337
https://bj.lianjia.com/chengjiao/bp487ep489/, 1044 ,264381
https://bj.lianjia.com/chengjiao/sf4bp210ep211/, 3 ,264384
https://bj.lianjia.com/chengjiao/bp209ep210/, 1122 ,265506
https://bj.lianjia.com/chengjiao/bp489ep492/, 2274 ,267780
https://bj.lianjia.com/chengjiao/bp196ep197/, 1085 ,268865
https://bj.lianjia.com/chengjiao/bp211ep212/, 640 ,269505
https://bj.lianjia.com/chengjiao/bp195ep196/, 2530 ,272035
https://bj.lianjia.com/chengjiao/sf1bp210ep211/, 3400 ,275435
https://bj.lianjia.com/chengjiao/sf2bp210ep211/, 139 ,275574
https://bj.lianjia.com/chengjiao/sf6bp210ep211/, 1 ,275575
https://bj.lianjia.com/chengjiao/sf5bp210ep211/, 20 ,275595
https://bj.lianjia.com/chengjiao/sf3bp210ep211/, 1 ,275596
https://bj.lianjia.com/chengjiao/bp215ep216/, 2593 ,278189
https://bj.lianjia.com/chengjiao/bp409ep410/, 597 ,278786
https://bj.lianjia.com/chengjiao/bp410ep411/, 2898 ,281684
https://bj.lianjia.com/chengjiao/bp216ep217/, 1205 ,282889
https://bj.lianjia.com/chengjiao/bp419ep420/, 613 ,283502
https://bj.lianjia.com/chengjiao/bp500ep502/, 2877 ,286379
https://bj.lianjia.com/chengjiao/bp499ep500/, 341 ,286720
https://bj.lianjia.com/chengjiao/bp414ep416/, 2328 ,289048
https://bj.lianjia.com/chengjiao/sf6bp420ep421/, 1 ,289049
https://bj.lianjia.com/chengjiao/sf3bp420ep421/, 3 ,289052
https://bj.lianjia.com/chengjiao/sf4bp420ep421/, 1 ,289053
https://bj.lianjia.com/chengjiao/sf2bp420ep421/, 18 ,289071
https://bj.lianjia.com/chengjiao/sf5bp420ep421/, 24 ,289095
https://bj.lianjia.com/chengjiao/bp416ep419/, 2729 ,291824
https://bj.lianjia.com/chengjiao/sf1bp300ep301/, 4561 ,296385
https://bj.lianjia.com/chengjiao/bp219ep220/, 971 ,297356
https://bj.lianjia.com/chengjiao/bp199ep200/, 1038 ,298394
https://bj.lianjia.com/chengjiao/sf6bp300ep301/, 2 ,298396
https://bj.lianjia.com/chengjiao/sf2bp300ep301/, 71 ,298467
https://bj.lianjia.com/chengjiao/bp202ep204/, 2550 ,301017
https://bj.lianjia.com/chengjiao/bp205ep206/, 2658 ,303675
https://bj.lianjia.com/chengjiao/bp201ep202/, 642 ,304317
https://bj.lianjia.com/chengjiao/bp204ep205/, 944 ,305261
https://bj.lianjia.com/chengjiao/sf1bp420ep421/, 3023 ,308284
https://bj.lianjia.com/chengjiao/sf1bp380ep381/, 3100 ,311384
https://bj.lianjia.com/chengjiao/sf3bp300ep301/, 5 ,311389
https://bj.lianjia.com/chengjiao/sf5bp300ep301/, 32 ,311421
https://bj.lianjia.com/chengjiao/sf3bp200ep201/, 1 ,311422
https://bj.lianjia.com/chengjiao/sf1bp200ep201/, 3680 ,315102
https://bj.lianjia.com/chengjiao/sf5bp200ep201/, 26 ,315128
https://bj.lianjia.com/chengjiao/sf6bp200ep201/, 4 ,315132
https://bj.lianjia.com/chengjiao/sf4bp200ep201/, 3 ,315135
https://bj.lianjia.com/chengjiao/bp206ep207/, 1247 ,316382
https://bj.lianjia.com/chengjiao/sf2bp200ep201/, 162 ,316544
https://bj.lianjia.com/chengjiao/sf5bp220ep221/, 18 ,316562
https://bj.lianjia.com/chengjiao/sf1bp220ep221/, 3390 ,319952
https://bj.lianjia.com/chengjiao/sf2bp220ep221/, 112 ,320064
https://bj.lianjia.com/chengjiao/sf4bp220ep221/, 2 ,320066
https://bj.lianjia.com/chengjiao/sf3bp220ep221/, 3 ,320069
https://bj.lianjia.com/chengjiao/sf6bp220ep221/, 4 ,320073
https://bj.lianjia.com/chengjiao/bp208ep209/, 1964 ,322037
https://bj.lianjia.com/chengjiao/bp340ep341/, 2884 ,324921
https://bj.lianjia.com/chengjiao/bp482ep487/, 2907 ,327828
https://bj.lianjia.com/chengjiao/bp207ep208/, 1136 ,328964
https://bj.lianjia.com/chengjiao/bp394ep396/, 2475 ,331439
https://bj.lianjia.com/chengjiao/bp392ep394/, 1513 ,332952
https://bj.lianjia.com/chengjiao/bp396ep399/, 2660 ,335612
https://bj.lianjia.com/chengjiao/bp175ep176/, 2492 ,338104
https://bj.lianjia.com/chengjiao/bp176ep177/, 1018 ,339122
https://bj.lianjia.com/chengjiao/bp339ep340/, 919 ,340041
https://bj.lianjia.com/chengjiao/bp346ep348/, 1628 ,341669
https://bj.lianjia.com/chengjiao/bp625ep629/, 1526 ,343195
https://bj.lianjia.com/chengjiao/bp629ep634/, 1829 ,345024
https://bj.lianjia.com/chengjiao/bp474ep477/, 2130 ,347154
https://bj.lianjia.com/chengjiao/bp406ep409/, 2583 ,349737
https://bj.lianjia.com/chengjiao/bp341ep343/, 1310 ,351047
https://bj.lianjia.com/chengjiao/bp225ep226/, 2586 ,353633
https://bj.lianjia.com/chengjiao/bp401ep404/, 1829 ,355462
https://bj.lianjia.com/chengjiao/bp472ep474/, 966 ,356428
https://bj.lianjia.com/chengjiao/bp390ep391/, 2646 ,359074
https://bj.lianjia.com/chengjiao/bp348ep349/, 1416 ,360490
https://bj.lianjia.com/chengjiao/bp343ep344/, 1006 ,361496
https://bj.lianjia.com/chengjiao/bp229ep230/, 1091 ,362587
https://bj.lianjia.com/chengjiao/bp344ep346/, 2801 ,365388
https://bj.lianjia.com/chengjiao/bp338ep339/, 1387 ,366775
https://bj.lianjia.com/chengjiao/bp404ep406/, 2299 ,369074
https://bj.lianjia.com/chengjiao/bp349ep350/, 790 ,369864
https://bj.lianjia.com/chengjiao/bp399ep400/, 759 ,370623
https://bj.lianjia.com/chengjiao/sf3bp350ep351/, 3 ,370626
https://bj.lianjia.com/chengjiao/sf5bp400ep401/, 27 ,370653
https://bj.lianjia.com/chengjiao/sf5bp350ep351/, 30 ,370683
https://bj.lianjia.com/chengjiao/sf2bp400ep401/, 32 ,370715
https://bj.lianjia.com/chengjiao/sf6bp400ep401/, 2 ,370717
https://bj.lianjia.com/chengjiao/sf6bp350ep351/, 1 ,370718
https://bj.lianjia.com/chengjiao/sf2bp350ep351/, 46 ,370764
https://bj.lianjia.com/chengjiao/sf1bp350ep351/, 3676 ,374440
https://bj.lianjia.com/chengjiao/sf3bp400ep401/, 13 ,374453
https://bj.lianjia.com/chengjiao/bp226ep227/, 1137 ,375590
https://bj.lianjia.com/chengjiao/sf5bp230ep231/, 17 ,375607
https://bj.lianjia.com/chengjiao/bp391ep392/, 357 ,375964
https://bj.lianjia.com/chengjiao/bp227ep229/, 2891 ,378855
https://bj.lianjia.com/chengjiao/sf2bp230ep231/, 112 ,378967
https://bj.lianjia.com/chengjiao/sf4bp230ep231/, 1 ,378968
https://bj.lianjia.com/chengjiao/sf1bp230ep231/, 3662 ,382630
https://bj.lianjia.com/chengjiao/sf3bp230ep231/, 1 ,382631
https://bj.lianjia.com/chengjiao/sf1bp400ep401/, 3502 ,386133
https://bj.lianjia.com/chengjiao/sf6bp230ep231/, 1 ,386134
https://bj.lianjia.com/chengjiao/sf4bp350ep351/, 1 ,386135
https://bj.lianjia.com/chengjiao/bp477ep479/, 1143 ,387278
https://bj.lianjia.com/chengjiao/bp224ep225/, 922 ,388200
https://bj.lianjia.com/chengjiao/bp231ep232/, 692 ,388892
https://bj.lianjia.com/chengjiao/bp470ep472/, 2199 ,391091
https://bj.lianjia.com/chengjiao/bp468ep470/, 1265 ,392356
https://bj.lianjia.com/chengjiao/bp232ep234/, 2390 ,394746
https://bj.lianjia.com/chengjiao/bp480ep482/, 2680 ,397426
https://bj.lianjia.com/chengjiao/bp312ep314/, 2272 ,399698
https://bj.lianjia.com/chengjiao/bp742ep751/, 2103 ,401801
https://bj.lianjia.com/chengjiao/bp479ep480/, 362 ,402163
https://bj.lianjia.com/chengjiao/bp751ep761/, 1623 ,403786
https://bj.lianjia.com/chengjiao/bp315ep316/, 2843 ,406629
https://bj.lianjia.com/chengjiao/bp314ep315/, 608 ,407237
https://bj.lianjia.com/chengjiao/bp372ep375/, 2146 ,409383
https://bj.lianjia.com/chengjiao/bp511ep516/, 2469 ,411852
https://bj.lianjia.com/chengjiao/bp976ep1015/, 2196 ,414048
https://bj.lianjia.com/chengjiao/bp937ep976/, 2926 ,416974
https://bj.lianjia.com/chengjiao/bp878ep898/, 1655 ,418629
https://bj.lianjia.com/chengjiao/bp509ep511/, 2189 ,420818
https://bj.lianjia.com/chengjiao/bp859ep878/, 1797 ,422615
https://bj.lianjia.com/chengjiao/bp898ep917/, 1825 ,424440
https://bj.lianjia.com/chengjiao/bp158ep160/, 2516 ,426956
https://bj.lianjia.com/chengjiao/bp463ep468/, 2995 ,429951
https://bj.lianjia.com/chengjiao/bp166ep167/, 1078 ,431029
https://bj.lianjia.com/chengjiao/bp172ep173/, 1192 ,432221
https://bj.lianjia.com/chengjiao/bp173ep175/, 2353 ,434574
https://bj.lianjia.com/chengjiao/bp165ep166/, 2403 ,436977
https://bj.lianjia.com/chengjiao/bp448ep450/, 1392 ,438369
https://bj.lianjia.com/chengjiao/bp156ep158/, 2029 ,440398
https://bj.lianjia.com/chengjiao/bp241ep243/, 1974 ,442372
https://bj.lianjia.com/chengjiao/bp239ep240/, 1266 ,443638
https://bj.lianjia.com/chengjiao/bp917ep937/, 1501 ,445139
https://bj.lianjia.com/chengjiao/sf6bp240ep241/, 1 ,445140
https://bj.lianjia.com/chengjiao/sf5bp240ep241/, 28 ,445168
https://bj.lianjia.com/chengjiao/sf1bp240ep241/, 3286 ,448454
https://bj.lianjia.com/chengjiao/bp460ep463/, 2958 ,451412
https://bj.lianjia.com/chengjiao/bp455ep458/, 2469 ,453881
https://bj.lianjia.com/chengjiao/bp453ep455/, 822 ,454703
https://bj.lianjia.com/chengjiao/bp171ep172/, 712 ,455415
https://bj.lianjia.com/chengjiao/bp87ep92/, 1915 ,457330
https://bj.lianjia.com/chengjiao/bp236ep238/, 2331 ,459661
https://bj.lianjia.com/chengjiao/sf3bp240ep241/, 1 ,459662
https://bj.lianjia.com/chengjiao/bp161ep162/, 744 ,460406
https://bj.lianjia.com/chengjiao/bp238ep239/, 1901 ,462307
https://bj.lianjia.com/chengjiao/bp160ep161/, 2873 ,465180
https://bj.lianjia.com/chengjiao/sf4bp240ep241/, 1 ,465181
https://bj.lianjia.com/chengjiao/bp97ep102/, 2812 ,467993
https://bj.lianjia.com/chengjiao/bp121ep123/, 1136 ,469129
https://bj.lianjia.com/chengjiao/bp119ep121/, 2494 ,471623
https://bj.lianjia.com/chengjiao/bp109ep112/, 2085 ,473708
https://bj.lianjia.com/chengjiao/bp107ep109/, 1194 ,474902
https://bj.lianjia.com/chengjiao/bp117ep119/, 1589 ,476491
https://bj.lianjia.com/chengjiao/bp114ep117/, 2347 ,478838
https://bj.lianjia.com/chengjiao/bp112ep114/, 1178 ,480016
https://bj.lianjia.com/chengjiao/bp104ep107/, 2045 ,482061
https://bj.lianjia.com/chengjiao/bp123ep124/, 794 ,482855
https://bj.lianjia.com/chengjiao/bp124ep126/, 2218 ,485073
https://bj.lianjia.com/chengjiao/bp102ep104/, 1059 ,486132
https://bj.lianjia.com/chengjiao/bp251ep253/, 2524 ,488656
https://bj.lianjia.com/chengjiao/bp133ep134/, 935 ,489591
https://bj.lianjia.com/chengjiao/bp134ep136/, 2606 ,492197
https://bj.lianjia.com/chengjiao/bp92ep97/, 2312 ,494509
https://bj.lianjia.com/chengjiao/bp243ep245/, 2323 ,496832
https://bj.lianjia.com/chengjiao/bp250ep251/, 1834 ,498666
https://bj.lianjia.com/chengjiao/bp235ep236/, 2687 ,501353
https://bj.lianjia.com/chengjiao/bp458ep460/, 1326 ,502679
https://bj.lianjia.com/chengjiao/sf2bp240ep241/, 82 ,502761
https://bj.lianjia.com/chengjiao/bp170ep171/, 2701 ,505462
https://bj.lianjia.com/chengjiao/bp245ep246/, 2735 ,508197
https://bj.lianjia.com/chengjiao/bp131ep133/, 1372 ,509569
https://bj.lianjia.com/chengjiao/bp246ep248/, 2280 ,511849
https://bj.lianjia.com/chengjiao/bp234ep235/, 985 ,512834
https://bj.lianjia.com/chengjiao/bp129ep131/, 2784 ,515618
https://bj.lianjia.com/chengjiao/bp126ep128/, 1552 ,517170
https://bj.lianjia.com/chengjiao/bp248ep249/, 1820 ,518990
https://bj.lianjia.com/chengjiao/bp128ep129/, 1166 ,520156
https://bj.lianjia.com/chengjiao/bp146ep148/, 1847 ,522003
https://bj.lianjia.com/chengjiao/bp151ep153/, 1777 ,523780
https://bj.lianjia.com/chengjiao/bp148ep149/, 1354 ,525134
https://bj.lianjia.com/chengjiao/bp154ep156/, 2843 ,527977
https://bj.lianjia.com/chengjiao/bp153ep154/, 1173 ,529150
https://bj.lianjia.com/chengjiao/bp149ep150/, 975 ,530125
https://bj.lianjia.com/chengjiao/bp150ep151/, 2791 ,532916
https://bj.lianjia.com/chengjiao/bp141ep143/, 1534 ,534450
https://bj.lianjia.com/chengjiao/bp136ep138/, 1625 ,536075
https://bj.lianjia.com/chengjiao/bp143ep144/, 1051 ,537126
https://bj.lianjia.com/chengjiao/bp144ep146/, 2576 ,539702
https://bj.lianjia.com/chengjiao/bp140ep141/, 2142 ,541844
https://bj.lianjia.com/chengjiao/bp138ep139/, 1241 ,543085
https://bj.lianjia.com/chengjiao/bp78ep87/, 2857 ,545942
https://bj.lianjia.com/chengjiao/bp249ep250/, 1553 ,547495
https://bj.lianjia.com/chengjiao/bp507ep509/, 1151 ,548646
https://bj.lianjia.com/chengjiao/bp139ep140/, 925 ,549571
https://bj.lianjia.com/chengjiao/bp451ep453/, 787 ,550358
https://bj.lianjia.com/chengjiao/bp162ep163/, 1202 ,551560
https://bj.lianjia.com/chengjiao/bp163ep165/, 2384 ,553944
https://bj.lianjia.com/chengjiao/bp450ep451/, 2873 ,556817
https://bj.lianjia.com/chengjiao/bp375ep377/, 2918 ,559735
https://bj.lianjia.com/chengjiao/bp377ep380/, 2587 ,562322
https://bj.lianjia.com/chengjiao/bp371ep372/, 428 ,562750
https://bj.lianjia.com/chengjiao/bp370ep371/, 2748 ,565498
https://bj.lianjia.com/chengjiao/bp167ep168/, 1025 ,566523
https://bj.lianjia.com/chengjiao/bp168ep170/, 2954 ,569477
https://bj.lianjia.com/chengjiao/bp435ep438/, 2781 ,572258
https://bj.lianjia.com/chengjiao/bp431ep433/, 921 ,573179
https://bj.lianjia.com/chengjiao/bp430ep431/, 2599 ,575778
https://bj.lianjia.com/chengjiao/bp433ep435/, 1025 ,576803
https://bj.lianjia.com/chengjiao/bp429ep430/, 523 ,577326
https://bj.lianjia.com/chengjiao/bp443ep445/, 830 ,578156
https://bj.lianjia.com/chengjiao/bp445ep448/, 2654 ,580810
https://bj.lianjia.com/chengjiao/bp440ep443/, 2670 ,583480
https://bj.lianjia.com/chengjiao/bp438ep440/, 1472 ,584952
